ID,Package Name,Package Version,Status,Resolution,License,OSL Inclusion,ODP Inclusion,EULA Change,Distribution Form,Sub Licenses
5100730,libgpg-error,1.46-1.ph5,RESOLVED,APPROVED,LGPL-2.1,Yes,SBR,No,Binary or Source Form,"GPL1.0
GPL2.0
GPL3.0
LGPL2.0
LGPL2.1
LGPL3.0
MIT"
5100731,libseccomp,2.5.4-2.ph5,RESOLVED,APPROVED,LGPL-2.1,Yes,SBR,No,Binary or Source Form,"LGPL2.1
LGPL3.0
RubyClause-6"
5101266,cracklib,2.9.8-1.ph5,RESOLVED,APPROVED,LGPL-2.1,Yes,SBR,No,Binary or Source Form,LGPL2.1
5101598,libtasn1,4.19.0-1.ph5,RESOLVED,APPROVED,LGPL-2.1,Yes,SBR,No,Binary or Source Form,"GFDL1.3
GPL1.0
GPL2.0
GPL3.0
LGPL2.0
LGPL2.1
LGPL3.0
MIT"
5932448,acl,2.3.1-2.ph5,RESOLVED,APPROVED,LGPL-2.1,Yes,SBR,No,Binary or Source Form,"GPL2.0
GPL3.0
LGPL2.1
MIT"
5100899,libunistring,1.0-2.ph5,RESOLVED,APPROVED,GPL-2.0,Yes,SBR,No,Binary or Source Form,"GFDL1.2
GFDL1.3
GPL1.0
GPL2.0
GPL3.0
LGPL2.0
LGPL2.1
LGPL3.0
MIT"
5101631,lz4,1.9.4-1.ph5,RESOLVED,APPROVED,GPL-2.0,Yes,SBR,No,Binary or Source Form,"BSD
BSD-2
GPL2.0"
5101749,libatomic_ops,7.6.14-1.ph5,RESOLVED,APPROVED,GPL-2.0,Yes,SBR,No,Binary or Source Form,"GPL1.0
GPL2.0
GPL3.0
MIT"
5390388,libselinux,3.4-3.ph5,RESOLVED,APPROVED,GPL-2.0,Yes,SBR,No,Binary or Source Form,
5504203,kmod,30-4.ph5,RESOLVED,APPROVED,GPL-2.0,Yes,SBR,No,---,"GPL2.0
GPL3.0
LGPL2.1
MIT"
6482377,gmp,6.2.1-2.ph5,RESOLVED,APPROVED,GPL-2.0,Yes,SBR,No,Binary or Source Form,"GFDL1.3
GPL2.0
GPL3.0
LGPL3.0
MIT"
6819233,tdnf,3.5.6-2.ph5,RESOLVED,APPROVED,GPL-2.0,Yes,SBR,No,Binary or Source Form,
5101229,guile,2.2.7-5.ph5,RESOLVED,APPROVED,LGPL-3.0,Yes,SBR,No,Binary or Source Form,"GFDL1.1
GFDL1.3
GPL1.0
GPL2.0
GPL3.0
LGPL2.0
LGPL2.1
LGPL3.0
MIT
RubyClause-6"
5101232,libtool,2.4.7-1.ph5,RESOLVED,APPROVED,GFDL 1.2,Yes,Source,No,Binary or Source Form,"CC-Attribution-NoDerivs3.0
GFDL1.3
GPL1.0
GPL2.0
GPL3.0
LGPL2.0
LGPL2.1
MIT"
5101291,gc,8.2.2-1.ph5,RESOLVED,APPROVED,MIT License,Yes,Source,No,Binary or Source Form,"GPL2.0
GPL3.0
MIT"
5101329,xz,5.4.0-1.ph5,RESOLVED,APPROVED,Public Domain,Yes,Source,No,Binary or Source Form,"GPL2.0
GPL3.0
LGPL2.1
MIT"
5101448,libgcrypt,1.10.1-3.ph5,RESOLVED,APPROVED,Public Domain,Yes,Source,No,Binary or Source Form,"BSD-3
GPL1.0
GPL2.0
GPL3.0
LGPL2.0
LGPL2.1
MIT"
5101613,bzip2,1.0.8-5.ph5,RESOLVED,APPROVED,BSD-1-Clause,Yes,Source,No,Binary or Source Form,SIL-OFL1.1
5101708,libpwquality,1.4.4-3.ph5,RESOLVED,APPROVED,BSD-3-Clause,Yes,No,No,Binary or Source Form,"BSD-3
MIT"
5101733,pcre,8.45-3.ph5,RESOLVED,APPROVED,BSD-3-Clause,Yes,No,No,Binary or Source Form,"BSD
BSD-2
BSD-3
MIT"
5101882,popt,1.16-5.ph5,RESOLVED,APPROVED,MIT License,Yes,No,No,Binary or Source Form,MIT
5101892,libffi,3.4.2-1.ph5,RESOLVED,APPROVED,MIT License,Yes,Source,No,Binary or Source Form,"LGPL2.1
MIT"
5707496,libxslt,1.1.37-3.ph5,RESOLVED,APPROVED,MIT License,Yes,No,No,Binary or Source Form,"GFDL1.1
MIT"
5714597,libcap,2.66-2.ph5,RESOLVED,APPROVED,BSD-3-Clause,Yes,No,No,Binary or Source Form,
5783857,lua,5.4.6-1.ph5,RESOLVED,APPROVED,MIT License,Yes,No,No,Binary or Source Form,MIT
6139503,toybox,0.8.9-5.ph5,RESOLVED,APPROVED,0BSD,Yes,No,No,Binary or Source Form,"0BSD
BSD-3
GPL2.0"
6342192,ncurses,6.4-2.ph5,RESOLVED,APPROVED,MIT License,Yes,No,No,Binary or Source Form,"BSD-3
GPL3.0
MIT"
6376097,zlib,1.2.13-2.ph5,RESOLVED,APPROVED,MIT License,Yes,No,No,Binary or Source Form,"BSL1.0
GPL2.0
MIT"
6494782,libsolv,0.7.22-5.ph5,RESOLVED,APPROVED,BSD-3-Clause,Yes,No,No,Binary or Source Form,"BSD-2
BSD-3
MIT"
6532609,pcre2,10.40-5.ph5,RESOLVED,APPROVED,BSD-3-Clause,Yes,No,No,Binary or Source Form,"BSD-2
BSD-3
GPL1.0
GPL2.0
GPL3.0
MIT"
6556194,zstd,1.5.5-2.ph5,RESOLVED,APPROVED,BSD-3-Clause,Yes,No,No,Binary or Source Form,"BSD
BSD-2
BSD-3
CC0-1.0
GPL2.0
MIT"
6644745,libssh2,1.11.0-2.ph5,RESOLVED,APPROVED,BSD-3-Clause,Yes,No,No,Binary or Source Form,
6819230,sqlite,3.43.2-1.ph5,RESOLVED,APPROVED,Public Domain,Yes,No,No,Binary or Source Form,
6862216,expat,2.6.0-2.ph5,RESOLVED,APPROVED,MIT License,Yes,No,No,Binary or Source Form,
6921330,libxml2,2.12.6-1.ph5,RESOLVED,APPROVED,MIT License,Yes,No,No,Binary or Source Form,
7128385,curl,8.7.1-1.ph5,RESOLVED,APPROVED,MIT License,Yes,No,No,Binary or Source Form,
7156583,Linux-PAM,1.5.3-3.ph5,RESOLVED,APPROVED,BSD-3-Clause,Yes,No,No,Binary or Source Form,
7166806,krb5,1.20.2-3.ph5,RESOLVED,APPROVED,BSD-2-Clause,Yes,No,No,Binary or Source Form,
7226839,libarchive,3.7.1-2.ph5,RESOLVED,APPROVED,BSD-2-Clause,Yes,No,No,Binary or Source Form,
7232678,nginx,1.27.0-1.ph5,RESOLVED,APPROVED,BSD-2-Clause,Yes,No,No,Binary or Source Form,
5101354,filesystem,1.1-4.ph5,RESOLVED,APPROVED,Apache-2.0,Yes,No,No,---,
7226840,openssl,3.0.14-1.ph5,RESOLVED,APPROVED,Apache-2.0,Yes,No,No,Binary or Source Form,
5101374,gdbm,1.23-2.ph5,RESOLVED,APPROVED,GPL-3.0,Yes,SBR,No,Binary or Source Form,"GFDL1.3
GPL2.0
GPL3.0
MIT"
5101564,autogen,5.18.16-6.ph5,RESOLVED,APPROVED,GPL-3.0,Yes,SBR,---,---,"BSD-2
BSD-3
CC-Attribution-NoDerivs3.0
GFDL1.1
GFDL1.2
GFDL1.3
GPL1.0
GPL2.0
GPL3.0
LGPL2.0
LGPL2.1
LGPL3.0
MIT"
5390294,gettext,0.21.1-1.ph5,RESOLVED,APPROVED,GPL-3.0,Yes,SBR,No,Binary or Source Form,
5390440,grep,3.7-3.ph5,RESOLVED,APPROVED,GPL-3.0,Yes,SBR,No,Binary or Source Form,"BSD-3
GFDL1.3
GPL1.0
GPL2.0
GPL3.0
LGPL2.0
LGPL2.1
LGPL3.0
MIT"
5728188,readline,8.2-2.ph5,RESOLVED,APPROVED,GPL-3.0,Yes,SBR,No,---,"GFDL1.1
GFDL1.3
GPL2.0
GPL3.0
MIT
SIL-OFL1.1"
6435677,sed,4.8-3.ph5,RESOLVED,APPROVED,GPL-3.0,Yes,SBR,No,Binary or Source Form,"GFDL1.3
GPL1.0
GPL2.0
GPL3.0
MIT"
6819207,elfutils,0.189-3.ph5,RESOLVED,APPROVED,GPL-3.0,Yes,SBR,No,Binary or Source Form,
5101596,nspr,4.33-1.ph5,RESOLVED,APPROVED,MPL-2.0,Yes,Source,No,Binary or Source Form,"BSD-3
MIT
MPL-2.0"
6921324,ca-certificates,20230315-3.ph5,RESOLVED,APPROVED,MPL-2.0,Yes,Source,No,Binary or Source Form,
5101607,nettle,3.8.1-1.ph5,RESOLVED,APPROVED,LGPL-2.0,Yes,SBR,No,Binary or Source Form,"GPL2.0
GPL3.0
LGPL2.1
LGPL3.0
MIT"
5932447,attr,2.5.1-2.ph5,RESOLVED,APPROVED,LGPL-2.0,Yes,SBR,No,Binary or Source Form,"GPL2.0
GPL3.0
LGPL2.1
MIT"
6608982,tar,1.34-5.ph5,RESOLVED,APPROVED,GPL-3.0-or-later,Yes,,,---,
6923054,gnutls,3.7.10-3.ph5,RESOLVED,APPROVED,GPL-3.0-or-later,Yes,SBR,---,Binary or Source Form,
6625383,gcc,12.2.0-2.ph5,RESOLVED,APPROVED,GPL-2.0-or-later,Yes,,,---,
6819228,rpm,4.18.2-2.ph5,RESOLVED,APPROVED,GPL-2.0-or-later,Yes,SBR,---,Binary or Source Form,
6999176,e2fsprogs,1.46.5-3.ph5,RESOLVED,APPROVED,GPL-2.0-or-later,Yes,SBR,---,Binary or Source Form,
7048348,bash,5.2-2.ph5,RESOLVED,APPROVED,GPL-2.0-or-later,Yes,SBR,---,Binary or Source Form,
7048349,shadow,4.13-5.ph5,RESOLVED,APPROVED,GPL-2.0-or-later,Yes,SBR,---,Binary or Source Form,
6625388,libmicrohttpd,0.9.76-2.ph5,RESOLVED,APPROVED,LGPL-2.0-or-later,Yes,,,---,
6935818,util-linux,2.38-4.ph5,RESOLVED,APPROVED,LGPL-2.0-or-later,Yes,SBR,---,---,
6921350,nss,3.78-8.ph5,RESOLVED,APPROVED,AGPL-3.0,Yes,SBR,No,Binary or Source Form,
7198268,glib,2.75.2-3.ph5,RESOLVED,APPROVED,LGPL-2.1-or-later,Yes,SBR,---,Binary or Source Form,
7214760,glibc,2.36-11.ph5,RESOLVED,APPROVED,LGPL-2.1-or-later,Yes,SBR,---,Binary or Source Form,
7218518,systemd,253.19-5.ph5,RESOLVED,APPROVED,GPL-2.0-only,Yes,SBR,---,Binary or Source Form,
