ID,Package Name,Package Version,Status,Resolution,License,Modified,OSL Inclusion,ODP Inclusion,EULA Change,Distribution Form,Package Usage,Sub Licenses
7106678,media-typer,0.3.0,RESOLVED,APPROVED,MIT License,No,Yes,No,No,Binary or Source Form,Separate work,
7106659,ee-first,1.1.1,RESOLVED,APPROVED,MIT License,No,Yes,No,No,Binary or Source Form,Separate work,
7106679,merge-descriptors,1.0.1,RESOLVED,APPROVED,MIT License,No,Yes,No,No,Binary or Source Form,Separate work,
7106664,escape-html,1.0.3,RESOLVED,APPROVED,MIT License,No,Yes,No,No,Binary or Source Form,Separate work,
7106688,path-to-regexp,0.1.7,RESOLVED,APPROVED,MIT License,No,Yes,No,No,Binary or Source Form,Separate work,
7106655,cookie-signature,1.0.6,RESOLVED,APPROVED,MIT License,No,Yes,No,No,Binary or Source Form,Separate work,
7106683,ms,2.0.0,RESOLVED,APPROVED,MIT License,No,Yes,No,No,Binary or Source Form,Separate work,
7106680,methods,1.1.2,RESOLVED,APPROVED,MIT License,No,Yes,No,No,Binary or Source Form,Separate work,
7106694,unpipe,1.0.0,RESOLVED,APPROVED,MIT License,No,Yes,No,No,Binary or Source Form,Separate work,
7106649,array-flatten,1.1.1,RESOLVED,APPROVED,MIT License,No,Yes,No,No,Binary or Source Form,Separate work,
7106779,util-deprecate,1.0.2,RESOLVED,APPROVED,MIT License,No,Yes,No,No,Binary or Source Form,Other,MIT
7106777,inherits,2.0.1,RESOLVED,APPROVED,MIT License,No,Yes,No,No,Binary or Source Form,Other,MIT
7106700,org.webjars.npm:debug,v3.2.7,RESOLVED,APPROVED,MIT License,No,Yes,No,No,Binary or Source Form,Dynamic linking,MIT
7106703,org.webjars.npm:forwarded,0.2.0,RESOLVED,APPROVED,MIT License,No,Yes,No,No,Binary or Source Form,Dynamic linking,MIT
7106699,org.webjars.npm:debug,v2.6.9,RESOLVED,APPROVED,MIT License,No,Yes,No,No,Binary or Source Form,Dynamic linking,MIT
7106698,org.webjars.npm:debug,4.3.4,RESOLVED,APPROVED,MIT License,No,Yes,No,No,Binary or Source Form,Dynamic linking,
7235963,popt,1.5.1,RESOLVED,APPROVED,MIT License,No,Yes,No,No,Binary or Source Form,Other,
7106748,monaco-editor,0.34.1,RESOLVED,APPROVED,MIT License,No,Yes,No,No,Binary or Source Form,Separate work,
7106706,org.webjars.npm:negotiator,0.6.3,RESOLVED,APPROVED,MIT License,No,Yes,No,No,Binary or Source Form,Dynamic linking,
7106776,felixge/node-retry,v0.12.0,RESOLVED,APPROVED,MIT License,No,Yes,No,No,Binary or Source Form,Other,
7106653,org.mvnpm:color-convert,2.0.1,RESOLVED,APPROVED,MIT License,No,Yes,No,No,Binary or Source Form,Dynamic linking,
7106652,org.mvnpm:chalk,5.3.0,RESOLVED,APPROVED,MIT License,No,Yes,No,No,Binary or Source Form,Dynamic linking,
7106676,org.mvnpm:inherits,2.0.4,RESOLVED,APPROVED,MIT License,No,Yes,No,No,Binary or Source Form,Dynamic linking,
7106697,org.mvnpm:yallist,4.0.0,RESOLVED,APPROVED,MIT License,No,Yes,No,No,Binary or Source Form,Dynamic linking,
7106775,Yarn Package Manager,1.22.19,RESOLVED,APPROVED,BSD-2-Clause,No,Yes,No,No,Binary or Source Form,Other,"BSD-2
BSD-3
MIT"
7106684,org.mvnpm:ms,2.1.3,RESOLVED,APPROVED,MIT License,No,Yes,No,No,Binary or Source Form,Dynamic linking,
7106670,org.mvnpm:glob,10.3.10,RESOLVED,APPROVED,MIT License,No,Yes,No,No,Binary or Source Form,Dynamic linking,
7106692,org.mvnpm:supports-color,9.4.0,RESOLVED,APPROVED,MIT License,No,Yes,No,No,Binary or Source Form,Dynamic linking,
7106660,org.mvnpm:emoji-regex,8.0.0,RESOLVED,APPROVED,MIT License,No,Yes,No,No,Binary or Source Form,Dynamic linking,
7106681,org.mvnpm:mime-db,1.52.0,RESOLVED,APPROVED,MIT License,No,Yes,No,No,Binary or Source Form,Dynamic linking,
7106682,org.mvnpm:mime-types,2.1.35,RESOLVED,APPROVED,MIT License,No,Yes,No,No,Binary or Source Form,Dynamic linking,
7106648,org.mvnpm:accepts,1.3.8,RESOLVED,APPROVED,MIT License,No,Yes,No,No,Binary or Source Form,Dynamic linking,
7106671,org.mvnpm:gopd,1.0.1,RESOLVED,APPROVED,MIT License,No,Yes,No,No,Binary or Source Form,Dynamic linking,
7106675,org.mvnpm:has-symbols,1.0.3,RESOLVED,APPROVED,MIT License,No,Yes,No,No,Binary or Source Form,Dynamic linking,
7106685,org.mvnpm:negotiator,0.6.3,RESOLVED,APPROVED,MIT License,No,Yes,No,No,Binary or Source Form,Dynamic linking,
7106693,org.mvnpm:type-is,1.6.18,RESOLVED,APPROVED,MIT License,No,Yes,No,No,Binary or Source Form,Dynamic linking,
7106696,org.mvnpm:vary,1.1.2,RESOLVED,APPROVED,MIT License,No,Yes,No,No,Binary or Source Form,Dynamic linking,
7106707,org.webjars.npm:tar,6.2.0,RESOLVED,APPROVED,ISC License,No,Yes,No,---,Binary or Source Form,Dynamic linking,
7106672,org.mvnpm:graceful-fs,4.2.11,RESOLVED,APPROVED,ISC License,No,Yes,No,---,Binary or Source Form,Dynamic linking,
7106647,Punycode.js,2.1.1,RESOLVED,APPROVED,MIT License,No,Yes,No,No,Binary or Source Form,Separate work,
7106654,org.mvnpm:content-type,1.0.5,RESOLVED,APPROVED,MIT License,No,Yes,No,No,Binary or Source Form,Dynamic linking,
7106661,org.mvnpm:encodeurl,1.0.2,RESOLVED,APPROVED,MIT License,No,Yes,No,No,Binary or Source Form,Dynamic linking,
7106668,org.mvnpm:fresh,0.5.2,RESOLVED,APPROVED,MIT License,No,Yes,No,No,Binary or Source Form,Dynamic linking,
7106687,org.mvnpm:parseurl,1.3.3,RESOLVED,APPROVED,MIT License,No,Yes,No,No,Binary or Source Form,Dynamic linking,
7106650,org.mvnpm:binary-extensions,2.2.0,RESOLVED,APPROVED,MIT License,No,Yes,No,No,Binary or Source Form,Dynamic linking,
7106657,org.mvnpm:debug,2.6.9,RESOLVED,APPROVED,MIT License,No,Yes,No,No,Binary or Source Form,Dynamic linking,
7106665,org.mvnpm:etag,1.8.1,RESOLVED,APPROVED,MIT License,No,Yes,No,No,Binary or Source Form,Dynamic linking,
7106667,org.mvnpm:forwarded,0.2.0,RESOLVED,APPROVED,MIT License,No,Yes,No,No,Binary or Source Form,Dynamic linking,
7106677,org.mvnpm:ipaddr.js,1.9.1,RESOLVED,APPROVED,MIT License,No,Yes,No,No,Binary or Source Form,Dynamic linking,
7106689,org.mvnpm:proxy-addr,2.0.7,RESOLVED,APPROVED,MIT License,No,Yes,No,No,Binary or Source Form,Dynamic linking,
7106690,org.mvnpm:range-parser,1.2.1,RESOLVED,APPROVED,MIT License,No,Yes,No,No,Binary or Source Form,Dynamic linking,
7106691,org.mvnpm:safe-buffer,5.2.1,RESOLVED,APPROVED,MIT License,No,Yes,No,No,Binary or Source Form,Dynamic linking,
7106695,org.mvnpm:utils-merge,1.0.1,RESOLVED,APPROVED,MIT License,No,Yes,No,No,Binary or Source Form,Dynamic linking,
7106669,org.mvnpm:function-bind,1.1.2,RESOLVED,APPROVED,MIT License,No,Yes,No,No,Binary or Source Form,Dynamic linking,
7106651,org.mvnpm:call-bind,1.0.7,RESOLVED,APPROVED,MIT License,No,Yes,No,No,Binary or Source Form,Dynamic linking,
7106656,org.mvnpm:cookie,0.6.0,RESOLVED,APPROVED,MIT License,No,Yes,No,No,Binary or Source Form,Dynamic linking,
7106658,org.mvnpm:define-data-property,1.1.4,RESOLVED,APPROVED,MIT License,No,Yes,No,No,Binary or Source Form,Dynamic linking,
7106662,org.mvnpm:es-define-property,1.0.0,RESOLVED,APPROVED,MIT License,No,Yes,No,No,Binary or Source Form,Dynamic linking,
7106663,org.mvnpm:es-errors,1.3.0,RESOLVED,APPROVED,MIT License,No,Yes,No,No,Binary or Source Form,Dynamic linking,
7106666,org.mvnpm:express,4.16.4,RESOLVED,APPROVED,MIT License,No,Yes,No,No,Binary or Source Form,Dynamic linking,
7106673,org.mvnpm:has-property-descriptors,1.0.2,RESOLVED,APPROVED,MIT License,No,Yes,No,No,Binary or Source Form,Dynamic linking,
7106674,org.mvnpm:has-proto,1.0.3,RESOLVED,APPROVED,MIT License,No,Yes,No,No,Binary or Source Form,Dynamic linking,
7106686,org.mvnpm:object-inspect,1.13.1,RESOLVED,APPROVED,MIT License,No,Yes,No,No,Binary or Source Form,Dynamic linking,
7106701,org.webjars.npm:diff,5.2.0,RESOLVED,APPROVED,BSD-3-Clause,No,Yes,No,No,Binary or Source Form,Dynamic linking,
7106702,org.webjars.npm:es-errors,1.3.0,RESOLVED,APPROVED,MIT License,No,Yes,No,No,Binary or Source Form,Dynamic linking,
7106704,org.webjars.npm:get-intrinsic,1.2.4,RESOLVED,APPROVED,MIT License,No,Yes,No,No,Binary or Source Form,Dynamic linking,
7106705,org.webjars.npm:has-property-descriptors,1.0.2,RESOLVED,APPROVED,MIT License,No,Yes,No,No,Binary or Source Form,Dynamic linking,
7106747,monaco-editor-extend,1.0.0,RESOLVED,APPROVED,ISC License,No,Yes,No,---,Binary or Source Form,Separate work,
7106774,Node.js,v21.3.0,RESOLVED,APPROVED,MIT License,No,Yes,No,No,Binary or Source Form,Other,
7235958,Microsoft.FluentUI.AspNetCore.Components,4.0.0-preview.1,RESOLVED,APPROVED,MIT License,No,Yes,No,No,Binary or Source Form,Dynamic linking,
7106778,qrcode-terminal,20180320-snapshot-90f66cf5,RESOLVED,APPROVED,Apache-2.0,No,Yes,No,No,Binary or Source Form,Other,MIT
7235964,texinfo - GNU documentation system,4.1,RESOLVED,APPROVED,GFDL v1.1,No,Yes,No,No,Binary or Source Form,Other,"GFDL1.1
LGPL2.0"
