SCOTzilla #,Status,Resolution,OSS Package Name,OSS Package Version,Product Name,Product Version,License,Sub Licenses,Modified,Package Usage,OSS Tar Inclusion,OSL Inclusion,EULA Change,Special Requirement,Distribution Form,Public Summary,Download Location,VMware Source Location,Eng. Patent Approval,Legal Patent Approval,Ticket Type,Reported By,Assigned to,License Expiration,Non-standard Provisions,Prohibited Copyright Holders,OSL Notes
7106647,RESOLVED,APPROVED,Punycode.js,2.1.1,cci_ns_service,1.0.0,MIT License,,No,Separate work,No,Yes,No,,Binary or Source Form,,http://mths.be/punycode,,---,---,PSA,rrick@vmware.com,osscloud@vmware.com,,---,,
7106648,RESOLVED,APPROVED,org.mvnpm:accepts,1.3.8,cci_ns_service,1.0.0,MIT License,,No,Dynamic linking,No,Yes,No,,Binary or Source Form,,https://github.com/jshttp/accepts#readme,,---,---,PSA,rrick@vmware.com,osscloud@vmware.com,,No,,
7106649,RESOLVED,APPROVED,array-flatten,1.1.1,cci_ns_service,1.0.0,MIT License,,No,Separate work,No,Yes,No,,Binary or Source Form,,https://repo1.maven.org/maven2/org/webjars/npm/array-flatten/1.1.1/array-flatten-1.1.1.jar,,---,---,PSA,rrick@vmware.com,osscloud@vmware.com,,No,,
7106650,RESOLVED,APPROVED,org.mvnpm:binary-extensions,2.2.0,cci_ns_service,1.0.0,MIT License,,No,Dynamic linking,No,Yes,No,,Binary or Source Form,,https://github.com/sindresorhus/binary-extensions#readme,,---,---,PSA,rrick@vmware.com,osscloud@vmware.com,,---,,
7106651,RESOLVED,APPROVED,org.mvnpm:call-bind,1.0.7,cci_ns_service,1.0.0,MIT License,,No,Dynamic linking,No,Yes,No,,Binary or Source Form,,https://github.com/ljharb/call-bind#readme,,---,---,PSA,rrick@vmware.com,osscloud@vmware.com,,---,,
7106652,RESOLVED,APPROVED,org.mvnpm:chalk,5.3.0,cci_ns_service,1.0.0,MIT License,,No,Dynamic linking,No,Yes,No,"Verified license information from the link:
https://repo1.maven.org/maven2/org/mvnpm/chalk/5.3.0/chalk-5.3.0-sources.jar",Binary or Source Form,,https://github.com/chalk/chalk#readme,,---,---,PSA,rrick@vmware.com,osscloud@vmware.com,,No,,
7106653,RESOLVED,APPROVED,org.mvnpm:color-convert,2.0.1,cci_ns_service,1.0.0,MIT License,,No,Dynamic linking,No,Yes,No,"Verified license information from the link:
https://repo1.maven.org/maven2/org/mvnpm/color-convert/2.0.1/color-convert-2.0.1-sources.jar",Binary or Source Form,,https://github.com/Qix-/color-convert#readme,,---,---,PSA,rrick@vmware.com,osscloud@vmware.com,,No,,
7106654,RESOLVED,APPROVED,org.mvnpm:content-type,1.0.5,cci_ns_service,1.0.0,MIT License,,No,Dynamic linking,No,Yes,No,,Binary or Source Form,,https://github.com/jshttp/content-type#readme,,---,---,PSA,rrick@vmware.com,osscloud@vmware.com,,---,,
7106655,RESOLVED,APPROVED,cookie-signature,1.0.6,cci_ns_service,1.0.0,MIT License,,No,Separate work,No,Yes,No,,Binary or Source Form,,https://repo1.maven.org/maven2/org/webjars/npm/cookie-signature/1.0.6/cookie-signature-1.0.6.jar,,---,---,PSA,rrick@vmware.com,osscloud@vmware.com,,No,,
7106656,RESOLVED,APPROVED,org.mvnpm:cookie,0.6.0,cci_ns_service,1.0.0,MIT License,,No,Dynamic linking,No,Yes,No,,Binary or Source Form,,https://github.com/jshttp/cookie,,---,---,PSA,rrick@vmware.com,osscloud@vmware.com,,---,,
7106657,RESOLVED,APPROVED,org.mvnpm:debug,2.6.9,cci_ns_service,1.0.0,MIT License,,No,Dynamic linking,No,Yes,No,,Binary or Source Form,,https://github.com/debug-js/debug#readme,,---,---,PSA,rrick@vmware.com,osscloud@vmware.com,,---,,
7106658,RESOLVED,APPROVED,org.mvnpm:define-data-property,1.1.4,cci_ns_service,1.0.0,MIT License,,No,Dynamic linking,No,Yes,No,,Binary or Source Form,,https://github.com/ljharb/define-data-property#readme,,---,---,PSA,rrick@vmware.com,osscloud@vmware.com,,---,,
7106659,RESOLVED,APPROVED,ee-first,1.1.1,cci_ns_service,1.0.0,MIT License,,No,Separate work,No,Yes,No,,Binary or Source Form,,https://oss.sonatype.org/content/repositories/releases/org/webjars/npm/ee-first/1.1.1/ee-first-1.1.1.jar,,---,---,PSA,rrick@vmware.com,osscloud@vmware.com,,No,,
7106660,RESOLVED,APPROVED,org.mvnpm:emoji-regex,8.0.0,cci_ns_service,1.0.0,MIT License,,No,Dynamic linking,No,Yes,No,,Binary or Source Form,,https://mths.be/emoji-regex,,---,---,PSA,rrick@vmware.com,osscloud@vmware.com,,No,,
7106661,RESOLVED,APPROVED,org.mvnpm:encodeurl,1.0.2,cci_ns_service,1.0.0,MIT License,,No,Dynamic linking,No,Yes,No,,Binary or Source Form,,https://github.com/pillarjs/encodeurl#readme,,---,---,PSA,rrick@vmware.com,osscloud@vmware.com,,---,,
7106662,RESOLVED,APPROVED,org.mvnpm:es-define-property,1.0.0,cci_ns_service,1.0.0,MIT License,,No,Dynamic linking,No,Yes,No,,Binary or Source Form,,https://github.com/ljharb/es-define-property#readme,,---,---,PSA,rrick@vmware.com,osscloud@vmware.com,,---,,
7106663,RESOLVED,APPROVED,org.mvnpm:es-errors,1.3.0,cci_ns_service,1.0.0,MIT License,,No,Dynamic linking,No,Yes,No,,Binary or Source Form,,https://github.com/ljharb/es-errors#readme,,---,---,PSA,rrick@vmware.com,osscloud@vmware.com,,---,,
7106664,RESOLVED,APPROVED,escape-html,1.0.3,cci_ns_service,1.0.0,MIT License,,No,Separate work,No,Yes,No,,Binary or Source Form,,https://bintray.com/webjars/maven/org.webjars.npm%3Aescape-html,,---,---,PSA,rrick@vmware.com,osscloud@vmware.com,,No,,
7106665,RESOLVED,APPROVED,org.mvnpm:etag,1.8.1,cci_ns_service,1.0.0,MIT License,,No,Dynamic linking,No,Yes,No,,Binary or Source Form,,https://github.com/jshttp/etag#readme,,---,---,PSA,rrick@vmware.com,osscloud@vmware.com,,---,,
7106666,RESOLVED,APPROVED,org.mvnpm:express,4.16.4,cci_ns_service,1.0.0,MIT License,,No,Dynamic linking,No,Yes,No,,Binary or Source Form,,http://expressjs.com/,,---,---,PSA,rrick@vmware.com,osscloud@vmware.com,,---,,
7106667,RESOLVED,APPROVED,org.mvnpm:forwarded,0.2.0,cci_ns_service,1.0.0,MIT License,,No,Dynamic linking,No,Yes,No,,Binary or Source Form,,https://github.com/jshttp/forwarded#readme,,---,---,PSA,rrick@vmware.com,osscloud@vmware.com,,---,,
7106668,RESOLVED,APPROVED,org.mvnpm:fresh,0.5.2,cci_ns_service,1.0.0,MIT License,,No,Dynamic linking,No,Yes,No,,Binary or Source Form,,https://github.com/jshttp/fresh#readme,,---,---,PSA,rrick@vmware.com,osscloud@vmware.com,,---,,
7106669,RESOLVED,APPROVED,org.mvnpm:function-bind,1.1.2,cci_ns_service,1.0.0,MIT License,,No,Dynamic linking,No,Yes,No,,Binary or Source Form,,https://github.com/Raynos/function-bind,,---,---,PSA,rrick@vmware.com,osscloud@vmware.com,,---,,
7106670,RESOLVED,APPROVED,org.mvnpm:glob,10.3.10,cci_ns_service,1.0.0,MIT License,,No,Dynamic linking,No,Yes,No,"Verified license information from the link:
https://repo1.maven.org/maven2/org/mvnpm/glob/10.3.10/glob-10.3.10-sources.jar",Binary or Source Form,,https://github.com/isaacs/node-glob#readme,,---,---,PSA,rrick@vmware.com,osscloud@vmware.com,,No,,
7106671,RESOLVED,APPROVED,org.mvnpm:gopd,1.0.1,cci_ns_service,1.0.0,MIT License,,No,Dynamic linking,No,Yes,No,,Binary or Source Form,,https://github.com/ljharb/gopd#readme,,---,---,PSA,rrick@vmware.com,osscloud@vmware.com,,No,,
7106672,RESOLVED,APPROVED,org.mvnpm:graceful-fs,4.2.11,cci_ns_service,1.0.0,ISC License,,No,Dynamic linking,No,Yes,---,,Binary or Source Form,,https://github.com/isaacs/node-graceful-fs#readme,,---,---,PSA,rrick@vmware.com,osscloud@vmware.com,,---,,
7106673,RESOLVED,APPROVED,org.mvnpm:has-property-descriptors,1.0.2,cci_ns_service,1.0.0,MIT License,,No,Dynamic linking,No,Yes,No,,Binary or Source Form,,https://github.com/inspect-js/has-property-descriptors#readme,,---,---,PSA,rrick@vmware.com,osscloud@vmware.com,,---,,
7106674,RESOLVED,APPROVED,org.mvnpm:has-proto,1.0.3,cci_ns_service,1.0.0,MIT License,,No,Dynamic linking,No,Yes,No,,Binary or Source Form,,https://github.com/inspect-js/has-proto#readme,,---,---,PSA,rrick@vmware.com,osscloud@vmware.com,,---,,
7106675,RESOLVED,APPROVED,org.mvnpm:has-symbols,1.0.3,cci_ns_service,1.0.0,MIT License,,No,Dynamic linking,No,Yes,No,,Binary or Source Form,,https://github.com/ljharb/has-symbols#readme,,---,---,PSA,rrick@vmware.com,osscloud@vmware.com,,No,,
7106676,RESOLVED,APPROVED,org.mvnpm:inherits,2.0.4,cci_ns_service,1.0.0,MIT License,,No,Dynamic linking,No,Yes,No,"Verified license information from the link:
https://search.maven.org/remotecontent?filepath=org/mvnpm/inherits/2.0.4/inherits-2.0.4.pom",Binary or Source Form,,https://github.com/isaacs/inherits#readme,,---,---,PSA,rrick@vmware.com,osscloud@vmware.com,,No,,
7106677,RESOLVED,APPROVED,org.mvnpm:ipaddr.js,1.9.1,cci_ns_service,1.0.0,MIT License,,No,Dynamic linking,No,Yes,No,,Binary or Source Form,,https://github.com/whitequark/ipaddr.js#readme,,---,---,PSA,rrick@vmware.com,osscloud@vmware.com,,---,,
7106678,RESOLVED,APPROVED,media-typer,0.3.0,cci_ns_service,1.0.0,MIT License,,No,Separate work,No,Yes,No,,Binary or Source Form,,http://build-maven-repo.eng.vmware.com:8081/nexus/service/local/repositories/central/content/org/webjars/npm/media-typer/0.3.0/media-typer-0.3.0.jar,,---,---,PSA,rrick@vmware.com,osscloud@vmware.com,,No,,
7106679,RESOLVED,APPROVED,merge-descriptors,1.0.1,cci_ns_service,1.0.0,MIT License,,No,Separate work,No,Yes,No,,Binary or Source Form,,https://oss.sonatype.org/content/repositories/releases/org/webjars/npm/merge-descriptors/1.0.1/merge-descriptors-1.0.1.jar,,---,---,PSA,rrick@vmware.com,osscloud@vmware.com,,No,,
7106680,RESOLVED,APPROVED,methods,1.1.2,cci_ns_service,1.0.0,MIT License,,No,Separate work,No,Yes,No,,Binary or Source Form,,https://repo1.maven.org/maven2/org/webjars/npm/methods/1.1.2/methods-1.1.2.jar,,---,---,PSA,rrick@vmware.com,osscloud@vmware.com,,No,,
7106681,RESOLVED,APPROVED,org.mvnpm:mime-db,1.52.0,cci_ns_service,1.0.0,MIT License,,No,Dynamic linking,No,Yes,No,,Binary or Source Form,,https://github.com/jshttp/mime-db#readme,,---,---,PSA,rrick@vmware.com,osscloud@vmware.com,,No,,
7106682,RESOLVED,APPROVED,org.mvnpm:mime-types,2.1.35,cci_ns_service,1.0.0,MIT License,,No,Dynamic linking,No,Yes,No,,Binary or Source Form,,https://github.com/jshttp/mime-types#readme,,---,---,PSA,rrick@vmware.com,osscloud@vmware.com,,No,,
7106683,RESOLVED,APPROVED,ms,2.0.0,cci_ns_service,1.0.0,MIT License,,No,Separate work,No,Yes,No,,Binary or Source Form,,https://repo1.maven.org/maven2/org/webjars/npm/ms/2.0.0/ms-2.0.0.jar,,---,---,PSA,rrick@vmware.com,osscloud@vmware.com,,No,,
7106684,RESOLVED,APPROVED,org.mvnpm:ms,2.1.3,cci_ns_service,1.0.0,MIT License,,No,Dynamic linking,No,Yes,No,"Verified license information from the link:
https://repo1.maven.org/maven2/org/mvnpm/ms/2.1.3/ms-2.1.3-sources.jar",Binary or Source Form,,https://github.com/zeit/ms#readme,,---,---,PSA,rrick@vmware.com,osscloud@vmware.com,,No,,
7106685,RESOLVED,APPROVED,org.mvnpm:negotiator,0.6.3,cci_ns_service,1.0.0,MIT License,,No,Dynamic linking,No,Yes,No,,Binary or Source Form,,https://github.com/jshttp/negotiator#readme,,---,---,PSA,rrick@vmware.com,osscloud@vmware.com,,No,,
7106686,RESOLVED,APPROVED,org.mvnpm:object-inspect,1.13.1,cci_ns_service,1.0.0,MIT License,,No,Dynamic linking,No,Yes,No,,Binary or Source Form,,https://github.com/inspect-js/object-inspect,,---,---,PSA,rrick@vmware.com,osscloud@vmware.com,,---,,
7106687,RESOLVED,APPROVED,org.mvnpm:parseurl,1.3.3,cci_ns_service,1.0.0,MIT License,,No,Dynamic linking,No,Yes,No,,Binary or Source Form,,https://github.com/pillarjs/parseurl#readme,,---,---,PSA,rrick@vmware.com,osscloud@vmware.com,,---,,
7106688,RESOLVED,APPROVED,path-to-regexp,0.1.7,cci_ns_service,1.0.0,MIT License,,No,Separate work,No,Yes,No,,Binary or Source Form,,https://oss.sonatype.org/content/repositories/releases/org/webjars/npm/path-to-regexp/0.1.7/path-to-regexp-0.1.7.jar,,---,---,PSA,rrick@vmware.com,osscloud@vmware.com,,No,,
7106689,RESOLVED,APPROVED,org.mvnpm:proxy-addr,2.0.7,cci_ns_service,1.0.0,MIT License,,No,Dynamic linking,No,Yes,No,,Binary or Source Form,,https://github.com/jshttp/proxy-addr#readme,,---,---,PSA,rrick@vmware.com,osscloud@vmware.com,,---,,
7106690,RESOLVED,APPROVED,org.mvnpm:range-parser,1.2.1,cci_ns_service,1.0.0,MIT License,,No,Dynamic linking,No,Yes,No,,Binary or Source Form,,https://github.com/jshttp/range-parser#readme,,---,---,PSA,rrick@vmware.com,osscloud@vmware.com,,---,,
7106691,RESOLVED,APPROVED,org.mvnpm:safe-buffer,5.2.1,cci_ns_service,1.0.0,MIT License,,No,Dynamic linking,No,Yes,No,,Binary or Source Form,,https://github.com/feross/safe-buffer,,---,---,PSA,rrick@vmware.com,osscloud@vmware.com,,---,,
7106692,RESOLVED,APPROVED,org.mvnpm:supports-color,9.4.0,cci_ns_service,1.0.0,MIT License,,No,Dynamic linking,No,Yes,No,"Verified license information from the link:
https://repo1.maven.org/maven2/org/mvnpm/supports-color/9.4.0/supports-color-9.4.0-sources.jar",Binary or Source Form,,https://github.com/chalk/supports-color#readme,,---,---,PSA,rrick@vmware.com,osscloud@vmware.com,,No,,
7106693,RESOLVED,APPROVED,org.mvnpm:type-is,1.6.18,cci_ns_service,1.0.0,MIT License,,No,Dynamic linking,No,Yes,No,,Binary or Source Form,,https://github.com/jshttp/type-is#readme,,---,---,PSA,rrick@vmware.com,osscloud@vmware.com,,No,,
7106694,RESOLVED,APPROVED,unpipe,1.0.0,cci_ns_service,1.0.0,MIT License,,No,Separate work,No,Yes,No,,Binary or Source Form,,https://repo1.maven.org/maven2/org/webjars/npm/unpipe/1.0.0/unpipe-1.0.0.jar,,---,---,PSA,rrick@vmware.com,osscloud@vmware.com,,No,,
7106695,RESOLVED,APPROVED,org.mvnpm:utils-merge,1.0.1,cci_ns_service,1.0.0,MIT License,,No,Dynamic linking,No,Yes,No,,Binary or Source Form,,https://github.com/jaredhanson/utils-merge#readme,,---,---,PSA,rrick@vmware.com,osscloud@vmware.com,,---,,
7106696,RESOLVED,APPROVED,org.mvnpm:vary,1.1.2,cci_ns_service,1.0.0,MIT License,,No,Dynamic linking,No,Yes,No,,Binary or Source Form,,https://github.com/jshttp/vary#readme,,---,---,PSA,rrick@vmware.com,osscloud@vmware.com,,No,,
7106697,RESOLVED,APPROVED,org.mvnpm:yallist,4.0.0,cci_ns_service,1.0.0,MIT License,,No,Dynamic linking,No,Yes,No,"Verified license information from the link:
https://repo1.maven.org/maven2/org/mvnpm/yallist/4.0.0/yallist-4.0.0-sources.jar",Binary or Source Form,,https://github.com/isaacs/yallist#readme,,---,---,PSA,rrick@vmware.com,osscloud@vmware.com,,No,,
7106698,RESOLVED,APPROVED,org.webjars.npm:debug,4.3.4,cci_ns_service,1.0.0,MIT License,,No,Dynamic linking,No,Yes,No,,Binary or Source Form,,http://github.com/jamespadolsey/debug,,---,---,PSA,rrick@vmware.com,osscloud@vmware.com,,No,,
7106699,RESOLVED,APPROVED,org.webjars.npm:debug,v2.6.9,cci_ns_service,1.0.0,MIT License,MIT,No,Dynamic linking,No,Yes,No,,Binary or Source Form,,http://github.com/jamespadolsey/debug,,---,---,PSA,rrick@vmware.com,osscloud@vmware.com,,Yes,,
7106700,RESOLVED,APPROVED,org.webjars.npm:debug,v3.2.7,cci_ns_service,1.0.0,MIT License,MIT,No,Dynamic linking,No,Yes,No,,Binary or Source Form,,http://github.com/jamespadolsey/debug,,---,---,PSA,rrick@vmware.com,osscloud@vmware.com,,Yes,,
7106701,RESOLVED,APPROVED,org.webjars.npm:diff,5.2.0,cci_ns_service,1.0.0,BSD-3-Clause,,No,Dynamic linking,No,Yes,No,,Binary or Source Form,,http://webjars.org,,---,---,PSA,rrick@vmware.com,osscloud@vmware.com,,---,,
7106702,RESOLVED,APPROVED,org.webjars.npm:es-errors,1.3.0,cci_ns_service,1.0.0,MIT License,,No,Dynamic linking,No,Yes,No,,Binary or Source Form,,https://github.com/ljharb/es-errors#readme,,---,---,PSA,rrick@vmware.com,osscloud@vmware.com,,---,,
7106703,RESOLVED,APPROVED,org.webjars.npm:forwarded,0.2.0,cci_ns_service,1.0.0,MIT License,MIT,No,Dynamic linking,No,Yes,No,,Binary or Source Form,,https://github.com/jshttp/forwarded,,---,---,PSA,rrick@vmware.com,osscloud@vmware.com,,Yes,,
7106704,RESOLVED,APPROVED,org.webjars.npm:get-intrinsic,1.2.4,cci_ns_service,1.0.0,MIT License,,No,Dynamic linking,No,Yes,No,,Binary or Source Form,,https://github.com/ljharb/get-intrinsic#readme,,---,---,PSA,rrick@vmware.com,osscloud@vmware.com,,---,,
7106705,RESOLVED,APPROVED,org.webjars.npm:has-property-descriptors,1.0.2,cci_ns_service,1.0.0,MIT License,,No,Dynamic linking,No,Yes,No,,Binary or Source Form,,https://github.com/inspect-js/has-property-descriptors#readme,,---,---,PSA,rrick@vmware.com,osscloud@vmware.com,,---,,
7106706,RESOLVED,APPROVED,org.webjars.npm:negotiator,0.6.3,cci_ns_service,1.0.0,MIT License,,No,Dynamic linking,No,Yes,No,"Verified License information from the Link:
https://repo1.maven.org/maven2/org/webjars/npm/negotiator/0.6.3/negotiator-0.6.3.jar",Binary or Source Form,,https://github.com/xolox/python-negotiator,,---,---,PSA,rrick@vmware.com,osscloud@vmware.com,,No,,
7106707,RESOLVED,APPROVED,org.webjars.npm:tar,6.2.0,cci_ns_service,1.0.0,ISC License,,No,Dynamic linking,No,Yes,---,,Binary or Source Form,,http://github.com/brianm/java-gnu-ar,,---,---,PSA,rrick@vmware.com,osscloud@vmware.com,,---,,
7106747,RESOLVED,APPROVED,monaco-editor-extend,1.0.0,cci_ns_service,1.0.0,ISC License,,No,Separate work,No,Yes,---,,Binary or Source Form,,https://microsoft.github.io/monaco-editor/,,---,---,PSA,rrick@vmware.com,osscloud@vmware.com,,---,,
7106748,RESOLVED,APPROVED,monaco-editor,0.34.1,cci_ns_service,1.0.0,MIT License,,No,Separate work,No,Yes,No,,Binary or Source Form,,https://github.com/Microsoft/monaco-editor#readme,,---,---,PSA,rrick@vmware.com,osscloud@vmware.com,,No,,
7106774,RESOLVED,APPROVED,Node.js,v21.3.0,cci_ns_service,1.0.0,MIT License,,No,Other,No,Yes,No,,Binary or Source Form,,https://www.npmjs.org/package/ericapi,,---,---,PSA,rrick@vmware.com,osscloud@vmware.com,,---,,
7106775,RESOLVED,APPROVED,Yarn Package Manager,1.22.19,cci_ns_service,1.0.0,BSD-2-Clause,"BSD-2
BSD-3
MIT",No,Other,No,Yes,No,,Binary or Source Form,,https://yarnpkg.com,,---,---,PSA,rrick@vmware.com,osscloud@vmware.com,,Yes,,
7106776,RESOLVED,APPROVED,felixge/node-retry,v0.12.0,cci_ns_service,1.0.0,MIT License,,No,Other,No,Yes,No,,Binary or Source Form,,https://github.com/tim-kos/node-retry,,---,---,PSA,rrick@vmware.com,osscloud@vmware.com,,No,,
7106777,RESOLVED,APPROVED,inherits,2.0.1,cci_ns_service,1.0.0,MIT License,MIT,No,Other,No,Yes,No,,Binary or Source Form,,https://github.com/isaacs/inherits,,---,---,PSA,rrick@vmware.com,osscloud@vmware.com,,Yes,,
7106778,RESOLVED,APPROVED,qrcode-terminal,20180320-snapshot-90f66cf5,cci_ns_service,1.0.0,Apache-2.0,MIT,No,Other,No,Yes,No,,Binary or Source Form,,https://github.com/gtanner/qrcode-terminal,,---,---,PSA,rrick@vmware.com,osscloud@vmware.com,,Yes,,
7106779,RESOLVED,APPROVED,util-deprecate,1.0.2,cci_ns_service,1.0.0,MIT License,MIT,No,Other,No,Yes,No,,Binary or Source Form,,https://registry.npmjs.org/zone.js/-/zone.js-0.9.0.tgz,,---,---,PSA,rrick@vmware.com,osscloud@vmware.com,,Yes,,
7235958,RESOLVED,APPROVED,Microsoft.FluentUI.AspNetCore.Components,4.0.0-preview.1,cci_ns_service,1.0.0,MIT License,,No,Dynamic linking,No,Yes,No,,Binary or Source Form,,https://github.com/microsoft/fluentui-blazor,,---,---,PSA,rrick@vmware.com,osscloud@vmware.com,,---,,
7235963,RESOLVED,APPROVED,popt,1.5.1,cci_ns_service,1.0.0,MIT License,,No,Other,No,Yes,No,,Binary or Source Form,,,,---,---,PSA,rrick@vmware.com,osscloud@vmware.com,,Yes,,
7235964,RESOLVED,APPROVED,texinfo - GNU documentation system,4.1,cci_ns_service,1.0.0,GFDL v1.1,"GFDL1.1
LGPL2.0",No,Other,No,Yes,No,,Binary or Source Form,,https://www.gnu.org/software/texinfo/,,---,---,PSA,rrick@vmware.com,osscloud@vmware.com,,Yes,,"Append LGPL 2.0
"
5100730,RESOLVED,APPROVED,libgpg-error,1.46-1.ph5,,,LGPL-2.1,"GPL1.0
GPL2.0
GPL3.0
LGPL2.0
LGPL2.1
LGPL3.0
MIT",,,SBR,Yes,No,,Binary or Source Form,,http://www.vmware.com,,---,---,MTE,michellew@vmware.com,osscloud@vmware.com,,Yes,,
5100731,RESOLVED,APPROVED,libseccomp,2.5.4-2.ph5,,,LGPL-2.1,"LGPL2.1
LGPL3.0
RubyClause-6",,,SBR,Yes,No,,Binary or Source Form,,http://www.vmware.com,,---,---,MTE,michellew@vmware.com,osscloud@vmware.com,,Yes,,
5100899,RESOLVED,APPROVED,libunistring,1.0-2.ph5,,,GPL-2.0,"GFDL1.2
GFDL1.3
GPL1.0
GPL2.0
GPL3.0
LGPL2.0
LGPL2.1
LGPL3.0
MIT",,,SBR,Yes,No,,Binary or Source Form,,http://www.vmware.com,,---,---,MTE,michellew@vmware.com,osscloud@vmware.com,,Yes,,"Append  LGPL2.0
Append LGPL2.1
Append LGPL3.0"
5101229,RESOLVED,APPROVED,guile,2.2.7-5.ph5,,,LGPL-3.0,"GFDL1.1
GFDL1.3
GPL1.0
GPL2.0
GPL3.0
LGPL2.0
LGPL2.1
LGPL3.0
MIT
RubyClause-6",,,SBR,Yes,No,,Binary or Source Form,,http://www.vmware.com,,---,---,MTE,michellew@vmware.com,osscloud@vmware.com,,Yes,,
5101232,RESOLVED,APPROVED,libtool,2.4.7-1.ph5,,,GFDL 1.2,"CC-Attribution-NoDerivs3.0
GFDL1.3
GPL1.0
GPL2.0
GPL3.0
LGPL2.0
LGPL2.1
MIT",,,Source,Yes,No,,Binary or Source Form,,http://www.vmware.com,,---,---,MTE,michellew@vmware.com,osscloud@vmware.com,,Yes,,
5101266,RESOLVED,APPROVED,cracklib,2.9.8-1.ph5,,,LGPL-2.1,LGPL2.1,,,SBR,Yes,No,,Binary or Source Form,,http://www.vmware.com,,---,---,MTE,michellew@vmware.com,osscloud@vmware.com,,Yes,,
5101291,RESOLVED,APPROVED,gc,8.2.2-1.ph5,,,MIT License,"GPL2.0
GPL3.0
MIT",,,Source,Yes,No,,Binary or Source Form,,http://www.vmware.com,,---,---,MTE,michellew@vmware.com,osscloud@vmware.com,,Yes,,Append GPL 2.0
5101329,RESOLVED,APPROVED,xz,5.4.0-1.ph5,,,Public Domain,"GPL2.0
GPL3.0
LGPL2.1
MIT",,,Source,Yes,No,,Binary or Source Form,,http://www.vmware.com,,---,---,MTE,michellew@vmware.com,osscloud@vmware.com,,Yes,,
5101354,RESOLVED,APPROVED,filesystem,1.1-4.ph5,,,Apache-2.0,,,,No,Yes,No,,---,,http://www.vmware.com,,---,---,MTE,michellew@vmware.com,osscloud@vmware.com,,No,,
5101374,RESOLVED,APPROVED,gdbm,1.23-2.ph5,,,GPL-3.0,"GFDL1.3
GPL2.0
GPL3.0
MIT",,,SBR,Yes,No,,Binary or Source Form,,http://www.vmware.com,,---,---,MTE,michellew@vmware.com,osscloud@vmware.com,,Yes,,
5101448,RESOLVED,APPROVED,libgcrypt,1.10.1-3.ph5,,,Public Domain,"BSD-3
GPL1.0
GPL2.0
GPL3.0
LGPL2.0
LGPL2.1
MIT",,,Source,Yes,No,,Binary or Source Form,,http://www.vmware.com,,---,---,MTE,michellew@vmware.com,osscloud@vmware.com,,Yes,,
5101564,RESOLVED,APPROVED,autogen,5.18.16-6.ph5,,,GPL-3.0,"BSD-2
BSD-3
CC-Attribution-NoDerivs3.0
GFDL1.1
GFDL1.2
GFDL1.3
GPL1.0
GPL2.0
GPL3.0
LGPL2.0
LGPL2.1
LGPL3.0
MIT",,,SBR,Yes,---,,---,,http://www.vmware.com,,---,---,MTE,michellew@vmware.com,osscloud@vmware.com,,Yes,,
5101596,RESOLVED,APPROVED,nspr,4.33-1.ph5,,,MPL-2.0,"BSD-3
MIT
MPL-2.0",,,Source,Yes,No,,Binary or Source Form,,http://www.vmware.com,,---,---,MTE,michellew@vmware.com,osscloud@vmware.com,,Yes,,No Appending
5101598,RESOLVED,APPROVED,libtasn1,4.19.0-1.ph5,,,LGPL-2.1,"GFDL1.3
GPL1.0
GPL2.0
GPL3.0
LGPL2.0
LGPL2.1
LGPL3.0
MIT",,,SBR,Yes,No,,Binary or Source Form,,http://www.vmware.com,,---,---,MTE,michellew@vmware.com,osscloud@vmware.com,,Yes,,
5101607,RESOLVED,APPROVED,nettle,3.8.1-1.ph5,,,LGPL-2.0,"GPL2.0
GPL3.0
LGPL2.1
LGPL3.0
MIT",,,SBR,Yes,No,,Binary or Source Form,,http://www.vmware.com,,---,---,MTE,michellew@vmware.com,osscloud@vmware.com,,Yes,,
5101613,RESOLVED,APPROVED,bzip2,1.0.8-5.ph5,,,BSD-1-Clause,SIL-OFL1.1,,,Source,Yes,No,,Binary or Source Form,,http://www.vmware.com,,---,---,MTE,michellew@vmware.com,osscloud@vmware.com,,Yes,,
5101631,RESOLVED,APPROVED,lz4,1.9.4-1.ph5,,,GPL-2.0,"BSD
BSD-2
GPL2.0",,,SBR,Yes,No,,Binary or Source Form,,http://www.vmware.com,,---,---,MTE,michellew@vmware.com,osscloud@vmware.com,,Yes,,
5101708,RESOLVED,APPROVED,libpwquality,1.4.4-3.ph5,,,BSD-3-Clause,"BSD-3
MIT",,,No,Yes,No,,Binary or Source Form,,http://www.vmware.com,,---,---,MTE,michellew@vmware.com,osscloud@vmware.com,,Yes,,
5101733,RESOLVED,APPROVED,pcre,8.45-3.ph5,,,BSD-3-Clause,"BSD
BSD-2
BSD-3
MIT",,,No,Yes,No,,Binary or Source Form,,http://www.vmware.com,,---,---,MTE,michellew@vmware.com,osscloud@vmware.com,,Yes,,
5101749,RESOLVED,APPROVED,libatomic_ops,7.6.14-1.ph5,,,GPL-2.0,"GPL1.0
GPL2.0
GPL3.0
MIT",,,SBR,Yes,No,,Binary or Source Form,,http://www.vmware.com,,---,---,MTE,michellew@vmware.com,osscloud@vmware.com,,Yes,,
5101882,RESOLVED,APPROVED,popt,1.16-5.ph5,,,MIT License,MIT,,,No,Yes,No,,Binary or Source Form,,http://www.vmware.com,,---,---,MTE,michellew@vmware.com,osscloud@vmware.com,,No,,
5101892,RESOLVED,APPROVED,libffi,3.4.2-1.ph5,,,MIT License,"LGPL2.1
MIT",,,Source,Yes,No,,Binary or Source Form,,http://www.vmware.com,,---,---,MTE,michellew@vmware.com,osscloud@vmware.com,,Yes,,"Election Text
Append LGPLL 2.1"
5390294,RESOLVED,APPROVED,gettext,0.21.1-1.ph5,,,GPL-3.0,,,,SBR,Yes,No,,Binary or Source Form,,http://www.vmware.com,,---,---,MTE,michellew@vmware.com,osscloud@vmware.com,,Yes,,
5390388,RESOLVED,APPROVED,libselinux,3.4-3.ph5,,,GPL-2.0,,,,SBR,Yes,No,,Binary or Source Form,,http://www.vmware.com,,---,---,MTE,michellew@vmware.com,osscloud@vmware.com,,No,,
5390440,RESOLVED,APPROVED,grep,3.7-3.ph5,,,GPL-3.0,"BSD-3
GFDL1.3
GPL1.0
GPL2.0
GPL3.0
LGPL2.0
LGPL2.1
LGPL3.0
MIT",,,SBR,Yes,No,,Binary or Source Form,,http://www.vmware.com,,---,---,MTE,michellew@vmware.com,osscloud@vmware.com,,Yes,,"Append  LGPL2.1
Append  LGPL3.0"
5504203,RESOLVED,APPROVED,kmod,30-4.ph5,,,GPL-2.0,"GPL2.0
GPL3.0
LGPL2.1
MIT",,,SBR,Yes,No,,---,,http://www.vmware.com,,---,---,MTE,michellew@vmware.com,osscloud@vmware.com,,Yes,,
5707496,RESOLVED,APPROVED,libxslt,1.1.37-3.ph5,,,MIT License,"GFDL1.1
MIT",,,No,Yes,No,,Binary or Source Form,,http://www.vmware.com,,---,---,MTE,michellew@vmware.com,osscloud@vmware.com,,Yes,,
5714597,RESOLVED,APPROVED,libcap,2.66-2.ph5,,,BSD-3-Clause,,,,No,Yes,No,,Binary or Source Form,,http://www.vmware.com,,---,---,MTE,michellew@vmware.com,osscloud@vmware.com,,No,,
5728188,RESOLVED,APPROVED,readline,8.2-2.ph5,,,GPL-3.0,"GFDL1.1
GFDL1.3
GPL2.0
GPL3.0
MIT
SIL-OFL1.1",,,SBR,Yes,No,,---,,http://www.vmware.com,,---,---,MTE,michellew@vmware.com,osscloud@vmware.com,,Yes,,
5783857,RESOLVED,APPROVED,lua,5.4.6-1.ph5,,,MIT License,MIT,,,No,Yes,No,,Binary or Source Form,,http://www.vmware.com,,---,---,MTE,michellew@vmware.com,osscloud@vmware.com,,Yes,,
5932447,RESOLVED,APPROVED,attr,2.5.1-2.ph5,,,LGPL-2.0,"GPL2.0
GPL3.0
LGPL2.1
MIT",,,SBR,Yes,No,,Binary or Source Form,,http://www.vmware.com,,---,---,MTE,michellew@vmware.com,osscloud@vmware.com,,Yes,,
5932448,RESOLVED,APPROVED,acl,2.3.1-2.ph5,,,LGPL-2.1,"GPL2.0
GPL3.0
LGPL2.1
MIT",,,SBR,Yes,No,"Verified License information from the Link:
https://osm.eng.vmware.com/api/v1/sourcebundle/download/999027/https://osm.eng.vmware.com/api/v1/sourcebundle/download/999027/",Binary or Source Form,,http://www.vmware.com,,---,---,MTE,michellew@vmware.com,osscloud@vmware.com,,Yes,,Append GPL2.0
6139503,RESOLVED,APPROVED,toybox,0.8.9-5.ph5,,,0BSD,"0BSD
BSD-3
GPL2.0",,,No,Yes,No,,Binary or Source Form,,http://www.vmware.com,,---,---,MTE,michellew@vmware.com,osscloud@vmware.com,,Yes,,
6342192,RESOLVED,APPROVED,ncurses,6.4-2.ph5,,,MIT License,"BSD-3
GPL3.0
MIT",,,No,Yes,No,,Binary or Source Form,,http://www.vmware.com,,---,---,MTE,michellew@vmware.com,osscloud@vmware.com,,Yes,,
6376097,RESOLVED,APPROVED,zlib,1.2.13-2.ph5,,,MIT License,"BSL1.0
GPL2.0
MIT",,,No,Yes,No,,Binary or Source Form,,http://www.vmware.com,,---,---,MTE,michellew@vmware.com,osscloud@vmware.com,,Yes,,
6435677,RESOLVED,APPROVED,sed,4.8-3.ph5,,,GPL-3.0,"GFDL1.3
GPL1.0
GPL2.0
GPL3.0
MIT",,,SBR,Yes,No,,Binary or Source Form,,http://www.vmware.com,,---,---,MTE,michellew@vmware.com,osscloud@vmware.com,,Yes,,
6482377,RESOLVED,APPROVED,gmp,6.2.1-2.ph5,,,GPL-2.0,"GFDL1.3
GPL2.0
GPL3.0
LGPL3.0
MIT",,,SBR,Yes,No,,Binary or Source Form,,http://www.vmware.com,,---,---,MTE,michellew@vmware.com,osscloud@vmware.com,,Yes,,
6494782,RESOLVED,APPROVED,libsolv,0.7.22-5.ph5,,,BSD-3-Clause,"BSD-2
BSD-3
MIT",,,No,Yes,No,,Binary or Source Form,,http://www.vmware.com,,---,---,MTE,michellew@vmware.com,osscloud@vmware.com,,Yes,,
6532609,RESOLVED,APPROVED,pcre2,10.40-5.ph5,,,BSD-3-Clause,"BSD-2
BSD-3
GPL1.0
GPL2.0
GPL3.0
MIT",,,No,Yes,No,,Binary or Source Form,,http://www.vmware.com,,---,---,MTE,michellew@vmware.com,osscloud@vmware.com,,Yes,,
6556194,RESOLVED,APPROVED,zstd,1.5.5-2.ph5,,,BSD-3-Clause,"BSD
BSD-2
BSD-3
CC0-1.0
GPL2.0
MIT",,,No,Yes,No,,Binary or Source Form,,http://www.vmware.com,,---,---,MTE,michellew@vmware.com,osscloud@vmware.com,,Yes,,
6608982,RESOLVED,APPROVED,tar,1.34-5.ph5,,,GPL-3.0-or-later,,,,,Yes,,,---,,http://www.vmware.com,,---,---,MTE,michellew@vmware.com,osscloud@vmware.com,,---,,
6625383,RESOLVED,APPROVED,gcc,12.2.0-2.ph5,,,GPL-2.0-or-later,,,,,Yes,,,---,,http://www.vmware.com,,---,---,MTE,michellew@vmware.com,osscloud@vmware.com,,---,,
6625388,RESOLVED,APPROVED,libmicrohttpd,0.9.76-2.ph5,,,LGPL-2.0-or-later,,,,,Yes,,,---,,http://www.vmware.com,,---,---,MTE,michellew@vmware.com,osscloud@vmware.com,,---,,
6644745,RESOLVED,APPROVED,libssh2,1.11.0-2.ph5,,,BSD-3-Clause,,,,No,Yes,No,,Binary or Source Form,,http://www.vmware.com,,---,---,MTE,michellew@vmware.com,osscloud@vmware.com,,---,,
6819207,RESOLVED,APPROVED,elfutils,0.189-3.ph5,,,GPL-3.0,,,,SBR,Yes,No,,Binary or Source Form,,http://www.vmware.com,,---,---,MTE,michellew@vmware.com,osscloud@vmware.com,,---,,
6819228,RESOLVED,APPROVED,rpm,4.18.2-2.ph5,,,GPL-2.0-or-later,,,,SBR,Yes,---,,Binary or Source Form,,http://www.vmware.com,,---,---,MTE,michellew@vmware.com,osscloud@vmware.com,,---,,
6819230,RESOLVED,APPROVED,sqlite,3.43.2-1.ph5,,,Public Domain,,,,No,Yes,No,,Binary or Source Form,,http://www.vmware.com,,---,---,MTE,michellew@vmware.com,osscloud@vmware.com,,No,,
6819233,RESOLVED,APPROVED,tdnf,3.5.6-2.ph5,,,GPL-2.0,,,,SBR,Yes,No,,Binary or Source Form,,http://www.vmware.com,,---,---,MTE,michellew@vmware.com,osscloud@vmware.com,,---,,
6862216,RESOLVED,APPROVED,expat,2.6.0-2.ph5,,,MIT License,,,,No,Yes,No,,Binary or Source Form,,http://www.vmware.com,,---,---,MTE,michellew@vmware.com,osscloud@vmware.com,,---,,
6921324,RESOLVED,APPROVED,ca-certificates,20230315-3.ph5,,,MPL-2.0,,,,Source,Yes,No,,Binary or Source Form,,http://www.vmware.com,,---,---,MTE,michellew@vmware.com,osscloud@vmware.com,,---,,
6921330,RESOLVED,APPROVED,libxml2,2.12.6-1.ph5,,,MIT License,,,,No,Yes,No,,Binary or Source Form,,http://www.vmware.com,,---,---,MTE,michellew@vmware.com,osscloud@vmware.com,,---,,
6921350,RESOLVED,APPROVED,nss,3.78-8.ph5,,,AGPL-3.0,,,,SBR,Yes,No,,Binary or Source Form,,http://www.vmware.com,,---,---,MTE,michellew@vmware.com,osscloud@vmware.com,,---,,
6923054,RESOLVED,APPROVED,gnutls,3.7.10-3.ph5,,,GPL-3.0-or-later,,,,SBR,Yes,---,,Binary or Source Form,,http://www.vmware.com,,---,---,MTE,michellew@vmware.com,osscloud@vmware.com,,---,,
6935818,RESOLVED,APPROVED,util-linux,2.38-4.ph5,,,LGPL-2.0-or-later,,,,SBR,Yes,---,,---,,http://www.vmware.com,,---,---,MTE,michellew@vmware.com,osscloud@vmware.com,,---,,
6999176,RESOLVED,APPROVED,e2fsprogs,1.46.5-3.ph5,,,GPL-2.0-or-later,,,,SBR,Yes,---,,Binary or Source Form,,http://www.vmware.com,,---,---,MTE,michellew@vmware.com,osscloud@vmware.com,,---,,
7048348,RESOLVED,APPROVED,bash,5.2-2.ph5,,,GPL-2.0-or-later,,,,SBR,Yes,---,,Binary or Source Form,,http://www.vmware.com,,---,---,MTE,michellew@vmware.com,osscloud@vmware.com,,---,,
7048349,RESOLVED,APPROVED,shadow,4.13-5.ph5,,,GPL-2.0-or-later,,,,SBR,Yes,---,,Binary or Source Form,,http://www.vmware.com,,---,---,MTE,michellew@vmware.com,osscloud@vmware.com,,---,,
7128385,RESOLVED,APPROVED,curl,8.7.1-1.ph5,,,MIT License,,,,No,Yes,No,,Binary or Source Form,,http://www.vmware.com,,---,---,MTE,michellew@vmware.com,osscloud@vmware.com,,---,,
7156583,RESOLVED,APPROVED,Linux-PAM,1.5.3-3.ph5,,,BSD-3-Clause,,,,No,Yes,No,,Binary or Source Form,,http://www.vmware.com,,---,---,MTE,michellew@vmware.com,osscloud@vmware.com,,---,,
7166806,RESOLVED,APPROVED,krb5,1.20.2-3.ph5,,,BSD-2-Clause,,,,No,Yes,No,,Binary or Source Form,,http://www.vmware.com,,---,---,MTE,michellew@vmware.com,osscloud@vmware.com,,---,,
7198268,RESOLVED,APPROVED,glib,2.75.2-3.ph5,,,LGPL-2.1-or-later,,,,SBR,Yes,---,,Binary or Source Form,,http://www.vmware.com,,---,---,MTE,michellew@vmware.com,osscloud@vmware.com,,---,,
7214760,RESOLVED,APPROVED,glibc,2.36-11.ph5,,,LGPL-2.1-or-later,,,,SBR,Yes,---,,Binary or Source Form,,http://www.vmware.com,,---,---,MTE,michellew@vmware.com,osscloud@vmware.com,,---,,
7218518,RESOLVED,APPROVED,systemd,253.19-5.ph5,,,GPL-2.0-only,,,,SBR,Yes,---,,Binary or Source Form,,http://www.vmware.com,,---,---,MTE,michellew@vmware.com,osscloud@vmware.com,,---,,
7226839,RESOLVED,APPROVED,libarchive,3.7.1-2.ph5,,,BSD-2-Clause,,,,No,Yes,No,,Binary or Source Form,,http://www.vmware.com,,---,---,MTE,michellew@vmware.com,osscloud@vmware.com,,---,,
7226840,RESOLVED,APPROVED,openssl,3.0.14-1.ph5,,,Apache-2.0,,,,No,Yes,No,,Binary or Source Form,,http://www.vmware.com,,---,---,MTE,michellew@vmware.com,osscloud@vmware.com,,---,,
7232678,RESOLVED,APPROVED,nginx,1.27.0-1.ph5,,,BSD-2-Clause,,,,No,Yes,No,,Binary or Source Form,,http://www.vmware.com,,---,---,MTE,michellew@vmware.com,osscloud@vmware.com,,---,,
